Subj,List,Cond,Rating
Subj1,List1,NCF,2
Subj1,List1,CF,-3
Subj1,List1,RE,-3
Subj1,List1,NCF,-3
Subj1,List1,CF,-3
Subj1,List1,CF,-2
Subj1,List1,NCF,2
Subj1,List1,IS,-3
Subj1,List1,CF,-3
Subj1,List1,NCF,-2
Subj1,List1,NCF,-1
Subj1,List1,CF,-3
Subj1,List1,NCF,3
Subj1,List1,FS,-2
Subj1,List1,CF,0
Subj2,List1,NCF,3
Subj2,List1,CF,-3
Subj2,List1,RE,-1
Subj2,List1,NCF,2
Subj2,List1,CF,-3
Subj2,List1,CF,-3
Subj2,List1,NCF,3
Subj2,List1,IS,-1
Subj2,List1,CF,-3
Subj2,List1,NCF,3
Subj2,List1,NCF,2
Subj2,List1,CF,-3
Subj2,List1,NCF,-1
Subj2,List1,FS,-1
Subj2,List1,CF,-3
Subj3,List1,NCF,3
Subj3,List1,CF,-3
Subj3,List1,RE,3
Subj3,List1,NCF,3
Subj3,List1,CF,-3
Subj3,List1,CF,-2
Subj3,List1,NCF,3
Subj3,List1,IS,2
Subj3,List1,CF,-3
Subj3,List1,NCF,3
Subj3,List1,NCF,3
Subj3,List1,CF,-3
Subj3,List1,NCF,3
Subj3,List1,FS,-2
Subj3,List1,CF,-2
Subj4,List1,NCF,3
Subj4,List1,CF,-3
Subj4,List1,RE,2
Subj4,List1,NCF,-1
Subj4,List1,CF,-3
Subj4,List1,CF,-1
Subj4,List1,NCF,3
Subj4,List1,IS,2
Subj4,List1,CF,-3
Subj4,List1,NCF,-1
Subj4,List1,NCF,0
Subj4,List1,CF,-3
Subj4,List1,NCF,2
Subj4,List1,FS,1
Subj4,List1,CF,-3
Subj5,List1,NCF,3
Subj5,List1,CF,-3
Subj5,List1,RE,3
Subj5,List1,NCF,0
Subj5,List1,CF,-2
Subj5,List1,CF,-1
Subj5,List1,NCF,3
Subj5,List1,IS,0
Subj5,List1,CF,-3
Subj5,List1,NCF,2
Subj5,List1,NCF,0
Subj5,List1,CF,3
Subj5,List1,NCF,0
Subj5,List1,FS,1
Subj5,List1,CF,-3
Subj6,List1,NCF,3
Subj6,List1,CF,-3
Subj6,List1,RE,0
Subj6,List1,NCF,0
Subj6,List1,CF,-3
Subj6,List1,CF,-1
Subj6,List1,NCF,3
Subj6,List1,IS,0
Subj6,List1,CF,-3
Subj6,List1,NCF,3
Subj6,List1,NCF,3
Subj6,List1,CF,-3
Subj6,List1,NCF,3
Subj6,List1,FS,-2
Subj6,List1,CF,-3
Subj7,List1,NCF,3
Subj7,List1,CF,-3
Subj7,List1,RE,3
Subj7,List1,NCF,-1
Subj7,List1,CF,-3
Subj7,List1,CF,-3
Subj7,List1,NCF,3
Subj7,List1,IS,2
Subj7,List1,CF,-3
Subj7,List1,NCF,-2
Subj7,List1,NCF,3
Subj7,List1,CF,-3
Subj7,List1,NCF,3
Subj7,List1,FS,2
Subj7,List1,CF,-3
Subj8,List1,NCF,3
Subj8,List1,CF,-3
Subj8,List1,RE,3
Subj8,List1,NCF,3
Subj8,List1,CF,-3
Subj8,List1,CF,3
Subj8,List1,NCF,3
Subj8,List1,IS,3
Subj8,List1,CF,-3
Subj8,List1,NCF,3
Subj8,List1,NCF,3
Subj8,List1,CF,-3
Subj8,List1,NCF,3
Subj8,List1,FS,3
Subj8,List1,CF,3
Subj9,List1,NCF,3
Subj9,List1,CF,-3
Subj9,List1,RE,2
Subj9,List1,NCF,1
Subj9,List1,CF,-3
Subj9,List1,CF,-2
Subj9,List1,NCF,3
Subj9,List1,IS,1
Subj9,List1,CF,-3
Subj9,List1,NCF,2
Subj9,List1,NCF,1
Subj9,List1,CF,-3
Subj9,List1,NCF,2
Subj9,List1,FS,1
Subj9,List1,CF,-3
Subj10,List1,NCF,3
Subj10,List1,CF,-3
Subj10,List1,RE,2
Subj10,List1,NCF,2
Subj10,List1,CF,-2
Subj10,List1,CF,1
Subj10,List1,NCF,3
Subj10,List1,IS,2
Subj10,List1,CF,-3
Subj10,List1,NCF,3
Subj10,List1,NCF,3
Subj10,List1,CF,-2
Subj10,List1,NCF,2
Subj10,List1,FS,2
Subj10,List1,CF,-2
Subj11,List1,NCF,3
Subj11,List1,CF,-3
Subj11,List1,RE,2
Subj11,List1,NCF,3
Subj11,List1,CF,-3
Subj11,List1,CF,1
Subj11,List1,NCF,3
Subj11,List1,IS,2
Subj11,List1,CF,-3
Subj11,List1,NCF,3
Subj11,List1,NCF,3
Subj11,List1,CF,-3
Subj11,List1,NCF,3
Subj11,List1,FS,2
Subj11,List1,CF,-3
Subj12,List1,NCF,3
Subj12,List1,CF,-3
Subj12,List1,RE,3
Subj12,List1,NCF,2
Subj12,List1,CF,3
Subj12,List1,CF,2
Subj12,List1,NCF,3
Subj12,List1,IS,3
Subj12,List1,CF,-3
Subj12,List1,NCF,3
Subj12,List1,NCF,3
Subj12,List1,CF,-3
Subj12,List1,NCF,3
Subj12,List1,FS,3
Subj12,List1,CF,-3
Subj13,List1,NCF,3
Subj13,List1,CF,-3
Subj13,List1,RE,1
Subj13,List1,NCF,3
Subj13,List1,CF,-3
Subj13,List1,CF,1
Subj13,List1,NCF,3
Subj13,List1,IS,1
Subj13,List1,CF,-3
Subj13,List1,NCF,3
Subj13,List1,NCF,3
Subj13,List1,CF,-3
Subj13,List1,NCF,3
Subj13,List1,FS,-2
Subj13,List1,CF,-3
Subj14,List1,NCF,3
Subj14,List1,CF,-3
Subj14,List1,RE,3
Subj14,List1,NCF,3
Subj14,List1,CF,-3
Subj14,List1,CF,-3
Subj14,List1,NCF,3
Subj14,List1,IS,3
Subj14,List1,CF,-3
Subj14,List1,NCF,3
Subj14,List1,NCF,3
Subj14,List1,CF,-3
Subj14,List1,NCF,3
Subj14,List1,FS,3
Subj14,List1,CF,-3
Subj15,List1,NCF,1
Subj15,List1,CF,-3
Subj15,List1,RE,3
Subj15,List1,NCF,3
Subj15,List1,CF,-3
Subj15,List1,CF,3
Subj15,List1,NCF,3
Subj15,List1,IS,2
Subj15,List1,CF,-3
Subj15,List1,NCF,3
Subj15,List1,NCF,3
Subj15,List1,CF,-3
Subj15,List1,NCF,3
Subj15,List1,FS,2
Subj15,List1,CF,2
Subj16,List1,NCF,2
Subj16,List1,CF,-3
Subj16,List1,RE,0
Subj16,List1,NCF,1
Subj16,List1,CF,-3
Subj16,List1,CF,0
Subj16,List1,NCF,2
Subj16,List1,IS,0
Subj16,List1,CF,-3
Subj16,List1,NCF,2
Subj16,List1,NCF,2
Subj16,List1,CF,-2
Subj16,List1,NCF,2
Subj16,List1,FS,0
Subj16,List1,CF,-2
Subj17,List1,NCF,-1
Subj17,List1,CF,-3
Subj17,List1,RE,-1
Subj17,List1,NCF,0
Subj17,List1,CF,-3
Subj17,List1,CF,-3
Subj17,List1,NCF,0
Subj17,List1,IS,-1
Subj17,List1,CF,-3
Subj17,List1,NCF,0
Subj17,List1,NCF,1
Subj17,List1,CF,-3
Subj17,List1,NCF,-1
Subj17,List1,FS,0
Subj17,List1,CF,-3
Subj18,List1,NCF,3
Subj18,List1,CF,-3
Subj18,List1,RE,1
Subj18,List1,NCF,2
Subj18,List1,CF,-3
Subj18,List1,CF,1
Subj18,List1,NCF,3
Subj18,List1,IS,-1
Subj18,List1,CF,1
Subj18,List1,NCF,1
Subj18,List1,NCF,-1
Subj18,List1,CF,1
Subj18,List1,NCF,-2
Subj18,List1,FS,1
Subj18,List1,CF,1
Subj19,List1,NCF,3
Subj19,List1,CF,-3
Subj19,List1,RE,2
Subj19,List1,NCF,0
Subj19,List1,CF,-2
Subj19,List1,CF,-2
Subj19,List1,NCF,2
Subj19,List1,IS,-2
Subj19,List1,CF,-3
Subj19,List1,NCF,2
Subj19,List1,NCF,-1
Subj19,List1,CF,-3
Subj19,List1,NCF,2
Subj19,List1,FS,1
Subj19,List1,CF,-3
Subj20,List1,NCF,3
Subj20,List1,CF,-3
Subj20,List1,RE,-3
Subj20,List1,NCF,-2
Subj20,List1,CF,-3
Subj20,List1,CF,-3
Subj20,List1,NCF,3
Subj20,List1,IS,-2
Subj20,List1,CF,-3
Subj20,List1,NCF,3
Subj20,List1,NCF,3
Subj20,List1,CF,-3
Subj20,List1,NCF,3
Subj20,List1,FS,-3
Subj20,List1,CF,-3
Subj21,List1,NCF,3
Subj21,List1,CF,-3
Subj21,List1,RE,3
Subj21,List1,NCF,3
Subj21,List1,CF,-3
Subj21,List1,CF,-1
Subj21,List1,NCF,3
Subj21,List1,IS,3
Subj21,List1,CF,-3
Subj21,List1,NCF,3
Subj21,List1,NCF,3
Subj21,List1,CF,-3
Subj21,List1,NCF,3
Subj21,List1,FS,3
Subj21,List1,CF,-3
Subj22,List1,NCF,3
Subj22,List1,CF,-3
Subj22,List1,RE,3
Subj22,List1,NCF,0
Subj22,List1,CF,-3
Subj22,List1,CF,-1
Subj22,List1,NCF,3
Subj22,List1,IS,3
Subj22,List1,CF,-3
Subj22,List1,NCF,3
Subj22,List1,NCF,3
Subj22,List1,CF,-3
Subj22,List1,NCF,3
Subj22,List1,FS,-2
Subj22,List1,CF,-3
Subj23,List1,NCF,3
Subj23,List1,CF,-3
Subj23,List1,RE,3
Subj23,List1,NCF,3
Subj23,List1,CF,-3
Subj23,List1,CF,-3
Subj23,List1,NCF,3
Subj23,List1,IS,3
Subj23,List1,CF,-3
Subj23,List1,NCF,3
Subj23,List1,NCF,3
Subj23,List1,CF,-3
Subj23,List1,NCF,3
Subj23,List1,FS,3
Subj23,List1,CF,-3
Subj24,List1,NCF,3
Subj24,List1,CF,-3
Subj24,List1,RE,-1
Subj24,List1,NCF,1
Subj24,List1,CF,-3
Subj24,List1,CF,0
Subj24,List1,NCF,3
Subj24,List1,IS,-2
Subj24,List1,CF,-3
Subj24,List1,NCF,3
Subj24,List1,NCF,3
Subj24,List1,CF,-3
Subj24,List1,NCF,0
Subj24,List1,FS,0
Subj24,List1,CF,-3
Subj25,List1,NCF,3
Subj25,List1,CF,-3
Subj25,List1,RE,1
Subj25,List1,NCF,-1
Subj25,List1,CF,-3
Subj25,List1,CF,-3
Subj25,List1,NCF,3
Subj25,List1,IS,-1
Subj25,List1,CF,-3
Subj25,List1,NCF,-3
Subj25,List1,NCF,3
Subj25,List1,CF,-3
Subj25,List1,NCF,3
Subj25,List1,FS,0
Subj25,List1,CF,-3
Subj26,List1,NCF,3
Subj26,List1,CF,-3
Subj26,List1,RE,-2
Subj26,List1,NCF,1
Subj26,List1,CF,-3
Subj26,List1,CF,-2
Subj26,List1,NCF,3
Subj26,List1,IS,-1
Subj26,List1,CF,-3
Subj26,List1,NCF,2
Subj26,List1,NCF,-1
Subj26,List1,CF,-3
Subj26,List1,NCF,-1
Subj26,List1,FS,-2
Subj26,List1,CF,-3
Subj27,List1,NCF,3
Subj27,List1,CF,-3
Subj27,List1,RE,3
Subj27,List1,NCF,2
Subj27,List1,CF,-2
Subj27,List1,CF,-1
Subj27,List1,NCF,3
Subj27,List1,IS,3
Subj27,List1,CF,-3
Subj27,List1,NCF,3
Subj27,List1,NCF,3
Subj27,List1,CF,-3
Subj27,List1,NCF,3
Subj27,List1,FS,3
Subj27,List1,CF,-3
Subj28,List1,NCF,3
Subj28,List1,CF,-3
Subj28,List1,RE,-3
Subj28,List1,NCF,-1
Subj28,List1,CF,-3
Subj28,List1,CF,-3
Subj28,List1,NCF,3
Subj28,List1,IS,-3
Subj28,List1,CF,-3
Subj28,List1,NCF,-1
Subj28,List1,NCF,3
Subj28,List1,CF,-3
Subj28,List1,NCF,0
Subj28,List1,FS,-3
Subj28,List1,CF,-3
Subj29,List1,NCF,3
Subj29,List1,CF,-3
Subj29,List1,RE,-1
Subj29,List1,NCF,1
Subj29,List1,CF,-3
Subj29,List1,CF,-1
Subj29,List1,NCF,3
Subj29,List1,IS,0
Subj29,List1,CF,-3
Subj29,List1,NCF,1
Subj29,List1,NCF,1
Subj29,List1,CF,-3
Subj29,List1,NCF,1
Subj29,List1,FS,0
Subj29,List1,CF,-1
Subj30,List1,NCF,-3
Subj30,List1,CF,-3
Subj30,List1,RE,3
Subj30,List1,NCF,0
Subj30,List1,CF,-3
Subj30,List1,CF,-2
Subj30,List1,NCF,2
Subj30,List1,IS,1
Subj30,List1,CF,-3
Subj30,List1,NCF,2
Subj30,List1,NCF,2
Subj30,List1,CF,-3
Subj30,List1,NCF,3
Subj30,List1,FS,2
Subj30,List1,CF,-1
Subj31,List1,NCF,3
Subj31,List1,CF,-3
Subj31,List1,RE,3
Subj31,List1,NCF,3
Subj31,List1,CF,-3
Subj31,List1,CF,-3
Subj31,List1,NCF,3
Subj31,List1,IS,-2
Subj31,List1,CF,-3
Subj31,List1,NCF,3
Subj31,List1,NCF,3
Subj31,List1,CF,-3
Subj31,List1,NCF,3
Subj31,List1,FS,-3
Subj31,List1,CF,-3
Subj32,List1,NCF,2
Subj32,List1,CF,-3
Subj32,List1,RE,2
Subj32,List1,NCF,2
Subj32,List1,CF,-3
Subj32,List1,CF,-2
Subj32,List1,NCF,3
Subj32,List1,IS,-1
Subj32,List1,CF,-3
Subj32,List1,NCF,1
Subj32,List1,NCF,1
Subj32,List1,CF,-3
Subj32,List1,NCF,2
Subj32,List1,FS,-1
Subj32,List1,CF,-3
Subj33,List2,NCF,3
Subj33,List2,CF,-3
Subj33,List2,IS,0
Subj33,List2,NCF,3
Subj33,List2,CF,-3
Subj33,List2,CF,-3
Subj33,List2,NCF,3
Subj33,List2,FS,3
Subj33,List2,CF,-3
Subj33,List2,NCF,0
Subj33,List2,NCF,0
Subj33,List2,CF,-3
Subj33,List2,NCF,3
Subj33,List2,RE,0
Subj33,List2,CF,-3
Subj34,List2,NCF,3
Subj34,List2,CF,-3
Subj34,List2,IS,-2
Subj34,List2,NCF,3
Subj34,List2,CF,-3
Subj34,List2,CF,-2
Subj34,List2,NCF,3
Subj34,List2,FS,1
Subj34,List2,CF,-3
Subj34,List2,NCF,3
Subj34,List2,NCF,3
Subj34,List2,CF,-3
Subj34,List2,NCF,3
Subj34,List2,RE,2
Subj34,List2,CF,-3
Subj35,List2,NCF,3
Subj35,List2,CF,-3
Subj35,List2,IS,2
Subj35,List2,NCF,2
Subj35,List2,CF,-3
Subj35,List2,CF,2
Subj35,List2,NCF,3
Subj35,List2,FS,2
Subj35,List2,CF,-3
Subj35,List2,NCF,3
Subj35,List2,NCF,2
Subj35,List2,CF,-3
Subj35,List2,NCF,2
Subj35,List2,RE,2
Subj35,List2,CF,-3
Subj36,List2,NCF,3
Subj36,List2,CF,-3
Subj36,List2,IS,-1
Subj36,List2,NCF,3
Subj36,List2,CF,-3
Subj36,List2,CF,-3
Subj36,List2,NCF,3
Subj36,List2,FS,3
Subj36,List2,CF,-3
Subj36,List2,NCF,3
Subj36,List2,NCF,3
Subj36,List2,CF,-3
Subj36,List2,NCF,3
Subj36,List2,RE,3
Subj36,List2,CF,-3
Subj37,List2,NCF,3
Subj37,List2,CF,-3
Subj37,List2,IS,-3
Subj37,List2,NCF,3
Subj37,List2,CF,-3
Subj37,List2,CF,1
Subj37,List2,NCF,2
Subj37,List2,FS,-3
Subj37,List2,CF,-3
Subj37,List2,NCF,2
Subj37,List2,NCF,2
Subj37,List2,CF,-3
Subj37,List2,NCF,3
Subj37,List2,RE,2
Subj37,List2,CF,-3
Subj38,List2,NCF,3
Subj38,List2,CF,-3
Subj38,List2,IS,2
Subj38,List2,NCF,3
Subj38,List2,CF,-3
Subj38,List2,CF,0
Subj38,List2,NCF,3
Subj38,List2,FS,3
Subj38,List2,CF,-3
Subj38,List2,NCF,3
Subj38,List2,NCF,3
Subj38,List2,CF,-3
Subj38,List2,NCF,3
Subj38,List2,RE,3
Subj38,List2,CF,-3
Subj39,List2,NCF,3
Subj39,List2,CF,-3
Subj39,List2,IS,-3
Subj39,List2,NCF,-1
Subj39,List2,CF,-3
Subj39,List2,CF,-3
Subj39,List2,NCF,2
Subj39,List2,FS,-3
Subj39,List2,CF,-3
Subj39,List2,NCF,2
Subj39,List2,NCF,2
Subj39,List2,CF,-3
Subj39,List2,NCF,2
Subj39,List2,RE,3
Subj39,List2,CF,-1
Subj40,List2,NCF,3
Subj40,List2,CF,-3
Subj40,List2,IS,3
Subj40,List2,NCF,3
Subj40,List2,CF,-3
Subj40,List2,CF,-3
Subj40,List2,NCF,3
Subj40,List2,FS,3
Subj40,List2,CF,-3
Subj40,List2,NCF,3
Subj40,List2,NCF,3
Subj40,List2,CF,-3
Subj40,List2,NCF,3
Subj40,List2,RE,3
Subj40,List2,CF,-3
Subj41,List2,NCF,3
Subj41,List2,CF,-3
Subj41,List2,IS,-2
Subj41,List2,NCF,3
Subj41,List2,CF,-3
Subj41,List2,CF,-2
Subj41,List2,NCF,-1
Subj41,List2,FS,-2
Subj41,List2,CF,-3
Subj41,List2,NCF,-1
Subj41,List2,NCF,2
Subj41,List2,CF,-3
Subj41,List2,NCF,3
Subj41,List2,RE,2
Subj41,List2,CF,-3
Subj42,List2,NCF,3
Subj42,List2,CF,-3
Subj42,List2,IS,2
Subj42,List2,NCF,2
Subj42,List2,CF,-3
Subj42,List2,CF,-2
Subj42,List2,NCF,2
Subj42,List2,FS,2
Subj42,List2,CF,-3
Subj42,List2,NCF,3
Subj42,List2,NCF,3
Subj42,List2,CF,-3
Subj42,List2,NCF,2
Subj42,List2,RE,2
Subj42,List2,CF,-1
Subj43,List2,NCF,3
Subj43,List2,CF,-3
Subj43,List2,IS,3
Subj43,List2,NCF,3
Subj43,List2,CF,-3
Subj43,List2,CF,-3
Subj43,List2,NCF,3
Subj43,List2,FS,3
Subj43,List2,CF,-3
Subj43,List2,NCF,3
Subj43,List2,NCF,3
Subj43,List2,CF,3
Subj43,List2,NCF,3
Subj43,List2,RE,3
Subj43,List2,CF,-3
Subj44,List2,NCF,3
Subj44,List2,CF,-3
Subj44,List2,IS,3
Subj44,List2,NCF,3
Subj44,List2,CF,-3
Subj44,List2,CF,-3
Subj44,List2,NCF,3
Subj44,List2,FS,3
Subj44,List2,CF,-3
Subj44,List2,NCF,3
Subj44,List2,NCF,3
Subj44,List2,CF,-3
Subj44,List2,NCF,3
Subj44,List2,RE,3
Subj44,List2,CF,-3
Subj45,List2,NCF,3
Subj45,List2,CF,-3
Subj45,List2,IS,3
Subj45,List2,NCF,3
Subj45,List2,CF,-3
Subj45,List2,CF,3
Subj45,List2,NCF,3
Subj45,List2,FS,3
Subj45,List2,CF,-3
Subj45,List2,NCF,3
Subj45,List2,NCF,3
Subj45,List2,CF,-3
Subj45,List2,NCF,3
Subj45,List2,RE,3
Subj45,List2,CF,3
Subj46,List2,NCF,3
Subj46,List2,CF,-3
Subj46,List2,IS,0
Subj46,List2,NCF,1
Subj46,List2,CF,-3
Subj46,List2,CF,0
Subj46,List2,NCF,3
Subj46,List2,FS,2
Subj46,List2,CF,-3
Subj46,List2,NCF,-1
Subj46,List2,NCF,0
Subj46,List2,CF,-3
Subj46,List2,NCF,0
Subj46,List2,RE,1
Subj46,List2,CF,-3
Subj47,List2,NCF,3
Subj47,List2,CF,-3
Subj47,List2,IS,1
Subj47,List2,NCF,3
Subj47,List2,CF,-3
Subj47,List2,CF,1
Subj47,List2,NCF,3
Subj47,List2,FS,2
Subj47,List2,CF,-3
Subj47,List2,NCF,1
Subj47,List2,NCF,2
Subj47,List2,CF,-3
Subj47,List2,NCF,2
Subj47,List2,RE,2
Subj47,List2,CF,-1
Subj48,List2,NCF,3
Subj48,List2,CF,-3
Subj48,List2,IS,0
Subj48,List2,NCF,1
Subj48,List2,CF,-3
Subj48,List2,CF,1
Subj48,List2,NCF,2
Subj48,List2,FS,0
Subj48,List2,CF,-3
Subj48,List2,NCF,1
Subj48,List2,NCF,2
Subj48,List2,CF,3
Subj48,List2,NCF,-1
Subj48,List2,RE,0
Subj48,List2,CF,-3
Subj49,List2,NCF,3
Subj49,List2,CF,-3
Subj49,List2,IS,3
Subj49,List2,NCF,3
Subj49,List2,CF,-3
Subj49,List2,CF,3
Subj49,List2,NCF,3
Subj49,List2,FS,3
Subj49,List2,CF,-3
Subj49,List2,NCF,3
Subj49,List2,NCF,3
Subj49,List2,CF,-3
Subj49,List2,NCF,3
Subj49,List2,RE,3
Subj49,List2,CF,-3
Subj50,List2,NCF,3
Subj50,List2,CF,-3
Subj50,List2,IS,1
Subj50,List2,NCF,1
Subj50,List2,CF,-3
Subj50,List2,CF,1
Subj50,List2,NCF,2
Subj50,List2,FS,0
Subj50,List2,CF,-3
Subj50,List2,NCF,1
Subj50,List2,NCF,1
Subj50,List2,CF,-3
Subj50,List2,NCF,0
Subj50,List2,RE,-1
Subj50,List2,CF,-2
Subj51,List2,NCF,3
Subj51,List2,CF,-3
Subj51,List2,IS,1
Subj51,List2,NCF,-1
Subj51,List2,CF,-3
Subj51,List2,CF,-2
Subj51,List2,NCF,3
Subj51,List2,FS,3
Subj51,List2,CF,-3
Subj51,List2,NCF,3
Subj51,List2,NCF,3
Subj51,List2,CF,-3
Subj51,List2,NCF,3
Subj51,List2,RE,3
Subj51,List2,CF,-3
Subj52,List2,NCF,3
Subj52,List2,CF,-3
Subj52,List2,IS,-1
Subj52,List2,NCF,3
Subj52,List2,CF,-3
Subj52,List2,CF,-3
Subj52,List2,NCF,3
Subj52,List2,FS,3
Subj52,List2,CF,-3
Subj52,List2,NCF,3
Subj52,List2,NCF,3
Subj52,List2,CF,-3
Subj52,List2,NCF,3
Subj52,List2,RE,3
Subj52,List2,CF,-3
Subj53,List2,NCF,3
Subj53,List2,CF,-3
Subj53,List2,IS,0
Subj53,List2,NCF,2
Subj53,List2,CF,-3
Subj53,List2,CF,-3
Subj53,List2,NCF,3
Subj53,List2,FS,-2
Subj53,List2,CF,-3
Subj53,List2,NCF,2
Subj53,List2,NCF,1
Subj53,List2,CF,-3
Subj53,List2,NCF,1
Subj53,List2,RE,1
Subj53,List2,CF,-3
Subj54,List2,NCF,3
Subj54,List2,CF,-3
Subj54,List2,IS,3
Subj54,List2,NCF,3
Subj54,List2,CF,-3
Subj54,List2,CF,-2
Subj54,List2,NCF,3
Subj54,List2,FS,3
Subj54,List2,CF,-3
Subj54,List2,NCF,3
Subj54,List2,NCF,3
Subj54,List2,CF,-3
Subj54,List2,NCF,3
Subj54,List2,RE,3
Subj54,List2,CF,-3
Subj55,List2,NCF,3
Subj55,List2,CF,-3
Subj55,List2,IS,3
Subj55,List2,NCF,3
Subj55,List2,CF,3
Subj55,List2,CF,3
Subj55,List2,NCF,3
Subj55,List2,FS,3
Subj55,List2,CF,-3
Subj55,List2,NCF,3
Subj55,List2,NCF,3
Subj55,List2,CF,-3
Subj55,List2,NCF,3
Subj55,List2,RE,3
Subj55,List2,CF,-3
Subj56,List2,NCF,3
Subj56,List2,CF,-3
Subj56,List2,IS,3
Subj56,List2,NCF,1
Subj56,List2,CF,-3
Subj56,List2,CF,-1
Subj56,List2,NCF,3
Subj56,List2,FS,0
Subj56,List2,CF,-3
Subj56,List2,NCF,3
Subj56,List2,NCF,3
Subj56,List2,CF,-3
Subj56,List2,NCF,3
Subj56,List2,RE,2
Subj56,List2,CF,2
Subj57,List2,NCF,3
Subj57,List2,CF,-3
Subj57,List2,IS,2
Subj57,List2,NCF,3
Subj57,List2,CF,-3
Subj57,List2,CF,-2
Subj57,List2,NCF,3
Subj57,List2,FS,2
Subj57,List2,CF,-3
Subj57,List2,NCF,3
Subj57,List2,NCF,3
Subj57,List2,CF,-3
Subj57,List2,NCF,3
Subj57,List2,RE,2
Subj57,List2,CF,-3
Subj58,List2,NCF,3
Subj58,List2,CF,-3
Subj58,List2,IS,-1
Subj58,List2,NCF,-3
Subj58,List2,CF,-3
Subj58,List2,CF,-3
Subj58,List2,NCF,3
Subj58,List2,FS,1
Subj58,List2,CF,-3
Subj58,List2,NCF,2
Subj58,List2,NCF,1
Subj58,List2,CF,-3
Subj58,List2,NCF,0
Subj58,List2,RE,2
Subj58,List2,CF,-3
Subj59,List2,NCF,3
Subj59,List2,CF,-3
Subj59,List2,IS,-2
Subj59,List2,NCF,3
Subj59,List2,CF,-3
Subj59,List2,CF,2
Subj59,List2,NCF,3
Subj59,List2,FS,2
Subj59,List2,CF,-3
Subj59,List2,NCF,3
Subj59,List2,NCF,3
Subj59,List2,CF,-3
Subj59,List2,NCF,2
Subj59,List2,RE,3
Subj59,List2,CF,-3
Subj60,List2,NCF,3
Subj60,List2,CF,-3
Subj60,List2,IS,2
Subj60,List2,NCF,3
Subj60,List2,CF,-3
Subj60,List2,CF,-2
Subj60,List2,NCF,3
Subj60,List2,FS,2
Subj60,List2,CF,-3
Subj60,List2,NCF,2
Subj60,List2,NCF,2
Subj60,List2,CF,-3
Subj60,List2,NCF,2
Subj60,List2,RE,2
Subj60,List2,CF,-2
Subj61,List2,NCF,3
Subj61,List2,CF,-3
Subj61,List2,IS,-2
Subj61,List2,NCF,3
Subj61,List2,CF,-3
Subj61,List2,CF,-2
Subj61,List2,NCF,3
Subj61,List2,FS,3
Subj61,List2,CF,-3
Subj61,List2,NCF,3
Subj61,List2,NCF,3
Subj61,List2,CF,-3
Subj61,List2,NCF,2
Subj61,List2,RE,3
Subj61,List2,CF,-2
Subj62,List2,NCF,3
Subj62,List2,CF,-3
Subj62,List2,IS,3
Subj62,List2,NCF,0
Subj62,List2,CF,-3
Subj62,List2,CF,0
Subj62,List2,NCF,3
Subj62,List2,FS,3
Subj62,List2,CF,-3
Subj62,List2,NCF,3
Subj62,List2,NCF,3
Subj62,List2,CF,-3
Subj62,List2,NCF,3
Subj62,List2,RE,3
Subj62,List2,CF,-3
Subj63,List2,NCF,3
Subj63,List2,CF,-3
Subj63,List2,IS,-3
Subj63,List2,NCF,-2
Subj63,List2,CF,-3
Subj63,List2,CF,-3
Subj63,List2,NCF,2
Subj63,List2,FS,-3
Subj63,List2,CF,-3
Subj63,List2,NCF,-1
Subj63,List2,NCF,2
Subj63,List2,CF,3
Subj63,List2,NCF,-2
Subj63,List2,RE,-1
Subj63,List2,CF,-3
Subj64,List2,NCF,3
Subj64,List2,CF,-3
Subj64,List2,IS,-3
Subj64,List2,NCF,-2
Subj64,List2,CF,-3
Subj64,List2,CF,-3
Subj64,List2,NCF,3
Subj64,List2,FS,3
Subj64,List2,CF,-3
Subj64,List2,NCF,-1
Subj64,List2,NCF,1
Subj64,List2,CF,-3
Subj64,List2,NCF,3
Subj64,List2,RE,1
Subj64,List2,CF,-3
Subj65,List2,NCF,3
Subj65,List2,CF,-3
Subj65,List2,IS,-1
Subj65,List2,NCF,3
Subj65,List2,CF,-3
Subj65,List2,CF,-1
Subj65,List2,NCF,3
Subj65,List2,FS,0
Subj65,List2,CF,-3
Subj65,List2,NCF,3
Subj65,List2,NCF,3
Subj65,List2,CF,-3
Subj65,List2,NCF,3
Subj65,List2,RE,2
Subj65,List2,CF,-3
Subj66,List2,NCF,3
Subj66,List2,CF,-2
Subj66,List2,IS,3
Subj66,List2,NCF,-1
Subj66,List2,CF,-3
Subj66,List2,CF,2
Subj66,List2,NCF,3
Subj66,List2,FS,3
Subj66,List2,CF,-3
Subj66,List2,NCF,3
Subj66,List2,NCF,3
Subj66,List2,CF,-3
Subj66,List2,NCF,3
Subj66,List2,RE,3
Subj66,List2,CF,-3
Subj67,List3,NCF,3
Subj67,List3,CF,-3
Subj67,List3,FS,-2
Subj67,List3,NCF,3
Subj67,List3,CF,-3
Subj67,List3,CF,-2
Subj67,List3,NCF,3
Subj67,List3,RE,3
Subj67,List3,CF,-3
Subj67,List3,NCF,3
Subj67,List3,NCF,3
Subj67,List3,CF,-3
Subj67,List3,NCF,3
Subj67,List3,IS,3
Subj67,List3,CF,-3
Subj68,List3,NCF,3
Subj68,List3,CF,-3
Subj68,List3,FS,-3
Subj68,List3,NCF,1
Subj68,List3,CF,-2
Subj68,List3,CF,-2
Subj68,List3,NCF,2
Subj68,List3,RE,2
Subj68,List3,CF,-3
Subj68,List3,NCF,2
Subj68,List3,NCF,2
Subj68,List3,CF,-3
Subj68,List3,NCF,-1
Subj68,List3,IS,1
Subj68,List3,CF,2
Subj69,List3,NCF,3
Subj69,List3,CF,-3
Subj69,List3,FS,-1
Subj69,List3,NCF,-2
Subj69,List3,CF,-3
Subj69,List3,CF,-1
Subj69,List3,NCF,3
Subj69,List3,RE,-1
Subj69,List3,CF,-3
Subj69,List3,NCF,-2
Subj69,List3,NCF,-1
Subj69,List3,CF,-3
Subj69,List3,NCF,1
Subj69,List3,IS,-1
Subj69,List3,CF,-3
Subj70,List3,NCF,3
Subj70,List3,CF,-3
Subj70,List3,FS,-2
Subj70,List3,NCF,3
Subj70,List3,CF,-3
Subj70,List3,CF,-1
Subj70,List3,NCF,3
Subj70,List3,RE,3
Subj70,List3,CF,-3
Subj70,List3,NCF,2
Subj70,List3,NCF,2
Subj70,List3,CF,-3
Subj70,List3,NCF,3
Subj70,List3,IS,-1
Subj70,List3,CF,-2
Subj71,List3,NCF,3
Subj71,List3,CF,-3
Subj71,List3,FS,0
Subj71,List3,NCF,0
Subj71,List3,CF,-3
Subj71,List3,CF,-1
Subj71,List3,NCF,3
Subj71,List3,RE,1
Subj71,List3,CF,-2
Subj71,List3,NCF,1
Subj71,List3,NCF,1
Subj71,List3,CF,-3
Subj71,List3,NCF,1
Subj71,List3,IS,1
Subj71,List3,CF,-3
Subj72,List3,NCF,3
Subj72,List3,CF,-3
Subj72,List3,FS,-2
Subj72,List3,NCF,-1
Subj72,List3,CF,-3
Subj72,List3,CF,-3
Subj72,List3,NCF,3
Subj72,List3,RE,-1
Subj72,List3,CF,-3
Subj72,List3,NCF,-1
Subj72,List3,NCF,-1
Subj72,List3,CF,-3
Subj72,List3,NCF,1
Subj72,List3,IS,0
Subj72,List3,CF,-3
Subj73,List3,NCF,3
Subj73,List3,CF,-3
Subj73,List3,FS,-1
Subj73,List3,NCF,3
Subj73,List3,CF,-3
Subj73,List3,CF,1
Subj73,List3,NCF,3
Subj73,List3,RE,3
Subj73,List3,CF,-3
Subj73,List3,NCF,3
Subj73,List3,NCF,2
Subj73,List3,CF,-3
Subj73,List3,NCF,3
Subj73,List3,IS,0
Subj73,List3,CF,-3
Subj74,List3,NCF,3
Subj74,List3,CF,-3
Subj74,List3,FS,-1
Subj74,List3,NCF,1
Subj74,List3,CF,-3
Subj74,List3,CF,-2
Subj74,List3,NCF,3
Subj74,List3,RE,2
Subj74,List3,CF,-3
Subj74,List3,NCF,2
Subj74,List3,NCF,3
Subj74,List3,CF,-3
Subj74,List3,NCF,2
Subj74,List3,IS,-2
Subj74,List3,CF,-2
Subj75,List3,NCF,3
Subj75,List3,CF,-3
Subj75,List3,FS,0
Subj75,List3,NCF,2
Subj75,List3,CF,-3
Subj75,List3,CF,-2
Subj75,List3,NCF,3
Subj75,List3,RE,1
Subj75,List3,CF,-3
Subj75,List3,NCF,3
Subj75,List3,NCF,3
Subj75,List3,CF,-3
Subj75,List3,NCF,2
Subj75,List3,IS,0
Subj75,List3,CF,-3
Subj76,List3,NCF,3
Subj76,List3,CF,-3
Subj76,List3,FS,3
Subj76,List3,NCF,-1
Subj76,List3,CF,3
Subj76,List3,CF,-1
Subj76,List3,NCF,3
Subj76,List3,RE,3
Subj76,List3,CF,-3
Subj76,List3,NCF,-2
Subj76,List3,NCF,-1
Subj76,List3,CF,-3
Subj76,List3,NCF,3
Subj76,List3,IS,-2
Subj76,List3,CF,-2
Subj77,List3,NCF,3
Subj77,List3,CF,-3
Subj77,List3,FS,3
Subj77,List3,NCF,3
Subj77,List3,CF,-3
Subj77,List3,CF,3
Subj77,List3,NCF,3
Subj77,List3,RE,3
Subj77,List3,CF,-3
Subj77,List3,NCF,3
Subj77,List3,NCF,3
Subj77,List3,CF,-3
Subj77,List3,NCF,3
Subj77,List3,IS,3
Subj77,List3,CF,-3
Subj78,List3,NCF,3
Subj78,List3,CF,-3
Subj78,List3,FS,-3
Subj78,List3,NCF,3
Subj78,List3,CF,-3
Subj78,List3,CF,-2
Subj78,List3,NCF,3
Subj78,List3,RE,3
Subj78,List3,CF,-3
Subj78,List3,NCF,3
Subj78,List3,NCF,3
Subj78,List3,CF,-3
Subj78,List3,NCF,3
Subj78,List3,IS,1
Subj78,List3,CF,-3
Subj79,List3,NCF,3
Subj79,List3,CF,-3
Subj79,List3,FS,0
Subj79,List3,NCF,3
Subj79,List3,CF,-3
Subj79,List3,CF,-3
Subj79,List3,NCF,-3
Subj79,List3,RE,3
Subj79,List3,CF,-3
Subj79,List3,NCF,2
Subj79,List3,NCF,2
Subj79,List3,CF,-3
Subj79,List3,NCF,0
Subj79,List3,IS,0
Subj79,List3,CF,-3
Subj80,List3,NCF,3
Subj80,List3,CF,-3
Subj80,List3,FS,3
Subj80,List3,NCF,3
Subj80,List3,CF,-3
Subj80,List3,CF,-3
Subj80,List3,NCF,3
Subj80,List3,RE,3
Subj80,List3,CF,-3
Subj80,List3,NCF,3
Subj80,List3,NCF,3
Subj80,List3,CF,-3
Subj80,List3,NCF,3
Subj80,List3,IS,3
Subj80,List3,CF,-3
Subj81,List3,NCF,3
Subj81,List3,CF,-3
Subj81,List3,FS,-1
Subj81,List3,NCF,2
Subj81,List3,CF,-3
Subj81,List3,CF,-2
Subj81,List3,NCF,3
Subj81,List3,RE,2
Subj81,List3,CF,-3
Subj81,List3,NCF,1
Subj81,List3,NCF,3
Subj81,List3,CF,-3
Subj81,List3,NCF,2
Subj81,List3,IS,0
Subj81,List3,CF,-3
Subj82,List3,NCF,-3
Subj82,List3,CF,-3
Subj82,List3,FS,3
Subj82,List3,NCF,3
Subj82,List3,CF,-3
Subj82,List3,CF,-3
Subj82,List3,NCF,3
Subj82,List3,RE,3
Subj82,List3,CF,-3
Subj82,List3,NCF,3
Subj82,List3,NCF,3
Subj82,List3,CF,-3
Subj82,List3,NCF,3
Subj82,List3,IS,3
Subj82,List3,CF,-3
Subj83,List3,NCF,-3
Subj83,List3,CF,3
Subj83,List3,FS,0
Subj83,List3,NCF,0
Subj83,List3,CF,-3
Subj83,List3,CF,-3
Subj83,List3,NCF,3
Subj83,List3,RE,0
Subj83,List3,CF,-3
Subj83,List3,NCF,0
Subj83,List3,NCF,0
Subj83,List3,CF,3
Subj83,List3,NCF,0
Subj83,List3,IS,0
Subj83,List3,CF,-3
Subj84,List3,NCF,0
Subj84,List3,CF,-3
Subj84,List3,FS,-3
Subj84,List3,NCF,-3
Subj84,List3,CF,-3
Subj84,List3,CF,-3
Subj84,List3,NCF,3
Subj84,List3,RE,-3
Subj84,List3,CF,-3
Subj84,List3,NCF,-1
Subj84,List3,NCF,-1
Subj84,List3,CF,-3
Subj84,List3,NCF,0
Subj84,List3,IS,-2
Subj84,List3,CF,-3
Subj85,List3,NCF,3
Subj85,List3,CF,-3
Subj85,List3,FS,-3
Subj85,List3,NCF,3
Subj85,List3,CF,-3
Subj85,List3,CF,-3
Subj85,List3,NCF,3
Subj85,List3,RE,1
Subj85,List3,CF,-3
Subj85,List3,NCF,2
Subj85,List3,NCF,2
Subj85,List3,CF,-3
Subj85,List3,NCF,2
Subj85,List3,IS,1
Subj85,List3,CF,-3
Subj86,List3,NCF,3
Subj86,List3,CF,-3
Subj86,List3,FS,3
Subj86,List3,NCF,-1
Subj86,List3,CF,-3
Subj86,List3,CF,-3
Subj86,List3,NCF,3
Subj86,List3,RE,3
Subj86,List3,CF,-3
Subj86,List3,NCF,3
Subj86,List3,NCF,3
Subj86,List3,CF,-3
Subj86,List3,NCF,1
Subj86,List3,IS,2
Subj86,List3,CF,-3
Subj87,List3,NCF,3
Subj87,List3,CF,-3
Subj87,List3,FS,1
Subj87,List3,NCF,1
Subj87,List3,CF,-3
Subj87,List3,CF,-2
Subj87,List3,NCF,3
Subj87,List3,RE,3
Subj87,List3,CF,-3
Subj87,List3,NCF,2
Subj87,List3,NCF,3
Subj87,List3,CF,-3
Subj87,List3,NCF,3
Subj87,List3,IS,-1
Subj87,List3,CF,-3
Subj88,List3,NCF,3
Subj88,List3,CF,-3
Subj88,List3,FS,3
Subj88,List3,NCF,3
Subj88,List3,CF,-3
Subj88,List3,CF,0
Subj88,List3,NCF,3
Subj88,List3,RE,3
Subj88,List3,CF,-3
Subj88,List3,NCF,3
Subj88,List3,NCF,3
Subj88,List3,CF,-3
Subj88,List3,NCF,3
Subj88,List3,IS,3
Subj88,List3,CF,-3
Subj89,List3,NCF,3
Subj89,List3,CF,-3
Subj89,List3,FS,-2
Subj89,List3,NCF,0
Subj89,List3,CF,-2
Subj89,List3,CF,-2
Subj89,List3,NCF,3
Subj89,List3,RE,-1
Subj89,List3,CF,-3
Subj89,List3,NCF,-1
Subj89,List3,NCF,0
Subj89,List3,CF,-3
Subj89,List3,NCF,0
Subj89,List3,IS,-1
Subj89,List3,CF,-3
Subj90,List3,NCF,0
Subj90,List3,CF,-3
Subj90,List3,FS,-3
Subj90,List3,NCF,-2
Subj90,List3,CF,-3
Subj90,List3,CF,-3
Subj90,List3,NCF,1
Subj90,List3,RE,-1
Subj90,List3,CF,-3
Subj90,List3,NCF,-1
Subj90,List3,NCF,0
Subj90,List3,CF,-3
Subj90,List3,NCF,-1
Subj90,List3,IS,1
Subj90,List3,CF,-1
Subj91,List3,NCF,3
Subj91,List3,CF,-3
Subj91,List3,FS,3
Subj91,List3,NCF,1
Subj91,List3,CF,-3
Subj91,List3,CF,2
Subj91,List3,NCF,3
Subj91,List3,RE,3
Subj91,List3,CF,-3
Subj91,List3,NCF,3
Subj91,List3,NCF,3
Subj91,List3,CF,-3
Subj91,List3,NCF,3
Subj91,List3,IS,3
Subj91,List3,CF,-3
Subj92,List3,NCF,3
Subj92,List3,CF,-3
Subj92,List3,FS,3
Subj92,List3,NCF,3
Subj92,List3,CF,-3
Subj92,List3,CF,1
Subj92,List3,NCF,3
Subj92,List3,RE,3
Subj92,List3,CF,-3
Subj92,List3,NCF,3
Subj92,List3,NCF,3
Subj92,List3,CF,-3
Subj92,List3,NCF,3
Subj92,List3,IS,3
Subj92,List3,CF,-3
Subj93,List3,NCF,3
Subj93,List3,CF,-3
Subj93,List3,FS,-1
Subj93,List3,NCF,1
Subj93,List3,CF,-2
Subj93,List3,CF,-1
Subj93,List3,NCF,3
Subj93,List3,RE,2
Subj93,List3,CF,-3
Subj93,List3,NCF,2
Subj93,List3,NCF,2
Subj93,List3,CF,-3
Subj93,List3,NCF,3
Subj93,List3,IS,2
Subj93,List3,CF,-3
Subj94,List3,NCF,3
Subj94,List3,CF,-3
Subj94,List3,FS,3
Subj94,List3,NCF,-1
Subj94,List3,CF,-3
Subj94,List3,CF,-2
Subj94,List3,NCF,3
Subj94,List3,RE,3
Subj94,List3,CF,-3
Subj94,List3,NCF,1
Subj94,List3,NCF,3
Subj94,List3,CF,-2
Subj94,List3,NCF,3
Subj94,List3,IS,1
Subj94,List3,CF,-3
Subj95,List3,NCF,3
Subj95,List3,CF,-3
Subj95,List3,FS,2
Subj95,List3,NCF,1
Subj95,List3,CF,-2
Subj95,List3,CF,-2
Subj95,List3,NCF,3
Subj95,List3,RE,3
Subj95,List3,CF,-3
Subj95,List3,NCF,-1
Subj95,List3,NCF,2
Subj95,List3,CF,-3
Subj95,List3,NCF,3
Subj95,List3,IS,-1
Subj95,List3,CF,-3
Subj96,List3,NCF,3
Subj96,List3,CF,-3
Subj96,List3,FS,0
Subj96,List3,NCF,3
Subj96,List3,CF,-3
Subj96,List3,CF,0
Subj96,List3,NCF,3
Subj96,List3,RE,3
Subj96,List3,CF,-3
Subj96,List3,NCF,0
Subj96,List3,NCF,3
Subj96,List3,CF,-3
Subj96,List3,NCF,3
Subj96,List3,IS,3
Subj96,List3,CF,-3
Subj97,List3,NCF,3
Subj97,List3,CF,-3
Subj97,List3,FS,-1
Subj97,List3,NCF,1
Subj97,List3,CF,-3
Subj97,List3,CF,-1
Subj97,List3,NCF,3
Subj97,List3,RE,1
Subj97,List3,CF,-3
Subj97,List3,NCF,2
Subj97,List3,NCF,2
Subj97,List3,CF,-3
Subj97,List3,NCF,3
Subj97,List3,IS,1
Subj97,List3,CF,-2
Subj98,List3,NCF,3
Subj98,List3,CF,-3
Subj98,List3,FS,-2
Subj98,List3,NCF,1
Subj98,List3,CF,-3
Subj98,List3,CF,-2
Subj98,List3,NCF,3
Subj98,List3,RE,2
Subj98,List3,CF,-3
Subj98,List3,NCF,0
Subj98,List3,NCF,2
Subj98,List3,CF,-3
Subj98,List3,NCF,0
Subj98,List3,IS,1
Subj98,List3,CF,-2
Subj99,List3,NCF,3
Subj99,List3,CF,-3
Subj99,List3,FS,-2
Subj99,List3,NCF,-2
Subj99,List3,CF,-3
Subj99,List3,CF,-2
Subj99,List3,NCF,3
Subj99,List3,RE,-1
Subj99,List3,CF,-3
Subj99,List3,NCF,1
Subj99,List3,NCF,1
Subj99,List3,CF,-3
Subj99,List3,NCF,1
Subj99,List3,IS,-1
Subj99,List3,CF,-3
Subj100,List3,NCF,3
Subj100,List3,CF,-3
Subj100,List3,FS,-3
Subj100,List3,NCF,-1
Subj100,List3,CF,-3
Subj100,List3,CF,-1
Subj100,List3,NCF,3
Subj100,List3,RE,0
Subj100,List3,CF,-3
Subj100,List3,NCF,3
Subj100,List3,NCF,2
Subj100,List3,CF,-3
Subj100,List3,NCF,-1
Subj100,List3,IS,-1
Subj100,List3,CF,-1